{
  "market-data": {
    "Neutral": {
      "creator": "Bell47Steve mit onkelfalk",
      "title": "BUSH TRIP Stefan's Welt",
      "description": "Innsbruck und Umgebung",
      "support-contact": "Bell47Steve mit onkelfalk",
      "tags": "BUSHTRIP BMG",
      "thumbnail_main": "thumbnail_main.jpg",
      "thumbnail_secondary": "thumbnail_secondary.jpg",
      "categories": "TT:MARKETPLACE.CATEGORY.ACTIVITIES\/TT:MARKETPLACE.CATEGORY.ACTIVITIES.BUSH",
      "media-backgrounds": [
        "BushMissionGen3840x2160.jpg,BushMissionGen3840x2160.jpg"
      ],
      "blocks": [
        {
          "type": "SPECS",
          "data": {
            "values": [
            ]
          }
        }
      ]
    }
  }
}
